{
	"info": {
		"_postman_id": "0c71a9fd-0c9b-482c-a88c-ffa2fe545e0b",
		"name": "persona",
		"schema": "https://schema.getpostman.com/json/collection/v2.1.0/collection.json"
	},
	"item": [
		{
			"name": "get",
			"request": {
				"method": "GET",
				"header": [],
				"url": {
					"raw": "http://localhost:8080/examen1/pregunta9/api.php",
					"protocol": "http",
					"host": [
						"localhost"
					],
					"port": "8080",
					"path": [
						"examen1",
						"pregunta9",
						"api.php"
					]
				}
			},
			"response": []
		},
		{
			"name": "post",
			"request": {
				"method": "POST",
				"header": [],
				"body": {
					"mode": "raw",
					"raw": "{\r\n    \"ci\" : \"8448518\",\r\n    \"nombre_completo\" : \"Armando Guerra\",\r\n    \"fecha_nacimiento\" : \"1991-04-04\",\r\n    \"telefono\" : \"(591) 72536684\",\r\n    \"departamento\" : \"08\"\r\n\r\n}"
				},
				"url": {
					"raw": "http://localhost:8080/examen1/pregunta9/api.php",
					"protocol": "http",
					"host": [
						"localhost"
					],
					"port": "8080",
					"path": [
						"examen1",
						"pregunta9",
						"api.php"
					]
				}
			},
			"response": []
		},
		{
			"name": "Path",
			"request": {
				"method": "PATCH",
				"header": [],
				"body": {
					"mode": "raw",
					"raw": "{\r\n    \"nombre_completo\" : \"Armando Guerra Perez\",\r\n    \"fecha_nacimiento\" : \"1991-04-04\",\r\n    \"telefono\" : \"(591) 72536685\",\r\n    \"departamento\" : \"08\"\r\n\r\n}"
				},
				"url": {
					"raw": "http://localhost:8080/examen1/pregunta9/api.php?ci=8448518",
					"protocol": "http",
					"host": [
						"localhost"
					],
					"port": "8080",
					"path": [
						"examen1",
						"pregunta9",
						"api.php"
					],
					"query": [
						{
							"key": "ci",
							"value": "8448518"
						}
					]
				}
			},
			"response": []
		},
		{
			"name": "delete",
			"request": {
				"method": "DELETE",
				"header": [],
				"url": {
					"raw": "http://localhost:8080/examen1/pregunta9/api.php?ci=8448518",
					"protocol": "http",
					"host": [
						"localhost"
					],
					"port": "8080",
					"path": [
						"examen1",
						"pregunta9",
						"api.php"
					],
					"query": [
						{
							"key": "ci",
							"value": "8448518"
						}
					]
				}
			},
			"response": []
		}
	]
}